Continente;Pais
EUROPA;Austria
EUROPA;Bélgica
EUROPA;Bulgaria
EUROPA;Chipre
EUROPA;Dinamarca
EUROPA;España
EUROPA;Finlandia
EUROPA;Francia
EUROPA;Grecia
EUROPA;Hungría
EUROPA;Irlanda
EUROPA;Bielorrusia
EUROPA;Italia
EUROPA;Luxemburgo
EUROPA;Malta
EUROPA;Paises Bajos
EUROPA;Polonia
EUROPA;Portugal
EUROPA;Reino Unido
EUROPA;Alemania
EUROPA;Rumania
EUROPA;Suecia
EUROPA;Letonia
EUROPA;Estonia
EUROPA;Lituania
EUROPA;República Checa
EUROPA;Eslovaquia
EUROPA;Eslovenia
EUROPA;Albania
EUROPA;Islandia
EUROPA;Liechtenstein
EUROPA;Monaco
EUROPA;Noreuga
EUROPA;Andorra
EUROPA;San Marino
EUROPA;Santa Sede
EUROPA;Suiza
EUROPA;Ucrania
EUROPA;Moldavia
EUROPA;Georgia
EUROPA;Bosnia y Herzegovina
EUROPA;Croacia
EUROPA;Armenia
EUROPA;Rusia
EUROPA;Macedonia 
EUROPA;Macedonia del Norte
EUROPA;Serbia
EUROPA;Montenegro
EUROPA;Guernesey
EUROPA;Svalbard y Jan Mayen
EUROPA;Islas Feroe
EUROPA;Isla de Man
EUROPA;Gibraltar
EUROPA;Islas Canal
EUROPA;Jersey
EUROPA;Islas Aland
EUROPA;Turquía
AFRICA;Burkina Faso
AFRICA;Angola
AFRICA;Argelia
AFRICA;Benin
AFRICA;Botswana
AFRICA;Burundi
AFRICA;Cabo Verde
AFRICA;Camerún
AFRICA;Comoros
AFRICA;Congo
AFRICA;Costa de Marfil
AFRICA;Djibouti
AFRICA;Egipto
AFRICA;Etiopia
AFRICA;Gabon
AFRICA;Gambia
AFRICA;Ghana
AFRICA;Guinea
AFRICA;Guinea-Bissau
AFRICA;Guinea Ecuatorial
AFRICA;Kenia
AFRICA;Lesotho
AFRICA;Liberia
AFRICA;Libia
AFRICA;Madagascar
AFRICA;Malawi
AFRICA;Mali
AFRICA;Marruecos
AFRICA;Mauricio
AFRICA;Mauritania
AFRICA;Mozambique
AFRICA;Namibia
AFRICA;Niger
AFRICA;Nigeria
AFRICA;República Centroafricana
AFRICA;Sudáfrica
AFRICA;Rwanda
AFRICA;San Tomé y Principe
AFRICA;Senegal
AFRICA;Seychelles
AFRICA;Sierra Leona
AFRICA;Somalia
AFRICA;Sudan
AFRICA;Sudán del Sur
AFRICA;Eswatini
AFRICA;Tanzania
AFRICA;Chad
AFRICA;Togo
AFRICA;Tunez
AFRICA;Uganda
AFRICA;DR Congo
AFRICA;Zambia
AFRICA;Zimbabwe
AFRICA;Eritrea
AFRICA;Santa Helena
AFRICA;Réunion
AFRICA;Mayotte
AFRICA;Sahara Occidental
AMERICA;Canada
AMERICA;Estados Unidos
AMERICA;Curaçao
AMERICA;Mexico
AMERICA;San Pedro y Miquelon 
AMERICA;Groenlandia
AMERICA;Antigua y Barbuda
AMERICA;Bahamas
AMERICA;Barbados
AMERICA;Belice
AMERICA;Costa Rica
AMERICA;Cuba
AMERICA;Dominica
AMERICA;El Salvador
AMERICA;Granada
AMERICA;Guatemala
AMERICA;Haiti
AMERICA;Honduras
AMERICA;Jamaica
AMERICA;Nicaragua
AMERICA;Panama
AMERICA;St. Vincent y Grenadinas
AMERICA;República Dominicana
AMERICA;Triniad y Tobajo
AMERICA;Santa Lucia
AMERICA;Saint Kitts y Nevis
AMERICA;Islas Cayman
AMERICA;Islas Turcas y Caicos
AMERICA;Islas Vírgenes de Los Estados Unidos
AMERICA;Guadeloupe
AMERICA;Antillas Holandesas
AMERICA;San Martín
AMERICA;Aruba
AMERICA;Montserrat
AMERICA;Anguilla
AMERICA;San Bartolome
AMERICA;Martinica
AMERICA;Puerto Rico
AMERICA;Bermuda
AMERICA;Islas Virgenes
AMERICA;Argentina
AMERICA;Bolivia
AMERICA;Brasil
AMERICA;Colombia
AMERICA;Chile
AMERICA;Ecuador
AMERICA;Guyana
AMERICA;Paraguay
AMERICA;Perú
AMERICA;Suriname
AMERICA;Uruguay
AMERICA;Venezuela
AMERICA;Guyana Francesa
AMERICA;Islas Malvinas
ASIA;Afganistán
ASIA;Arabia Saudita
ASIA;Bahrain
ASIA;Bangladesh
ASIA;Myanmar
ASIA;China
ASIA;Emiratos Árabes Unidos
ASIA;Filipinas
ASIA;India
ASIA;Indonesia
ASIA;Iraq
ASIA;Iran
ASIA;Israel
ASIA;Japan
ASIA;Jordania
ASIA;Cambodia
ASIA;Kuwait
ASIA;Laos
ASIA;Libano
ASIA;Malasia
ASIA;Maldivas
ASIA;Mongolia
ASIA;Nepal
ASIA;Oman
ASIA;Pakistán
ASIA;Qatar
ASIA;Corea del Sur
ASIA;Corea del Norte
ASIA;Singapore
ASIA;Siria
ASIA;Sri Lanka
ASIA;Taiwan
ASIA;Tailandia
ASIA;Vietnam
ASIA;Brunei
ASIA;Islas Marshall
ASIA;Yemen
ASIA;Azerbaiyan
ASIA;Kazajistán
ASIA;Kirgistan
ASIA;Tajikistan
ASIA;Turkmenistan
ASIA;Uzbekistan
ASIA;Islas Mariana del Norte
ASIA;Palestina
ASIA;Hong Kong
ASIA;Bhutan
ASIA;Guam
ASIA;Macao
OCEANIA;Australia
OCEANIA;Fiji
OCEANIA;Nueva Zelanda
OCEANIA;Papua Nueva Guinea
OCEANIA;Islas Salomón
OCEANIA;Samoa
OCEANIA;Tonga
OCEANIA;Vanuatu
OCEANIA;Micronesia
OCEANIA;Tuvalu
OCEANIA;Islas Cook
OCEANIA;Nauru
OCEANIA;Palaos
OCEANIA;Timor-Leste
OCEANIA;Polinesia Francesa
OCEANIA;Isla Norfolk
OCEANIA;Kiribati
OCEANIA;Niue
OCEANIA;Islas Pitcairn
OCEANIA;Tokelau
OCEANIA;Nueva Caledonia
OCEANIA;Wallis y Fortuna
OCEANIA;Samoa Americana
